{"channels":{"469820774207979531":{"name":"Text Channels","type":"category","position":0,"parentID":null},"469820774207979532":{"name":"general","type":"text","position":0,"parentID":"Text Channels"},"469820774207979533":{"name":"Voice Channels","type":"category","position":0,"parentID":null},"469820774207979534":{"name":"General","type":"voice","position":0,"parentID":"Voice Channels"},"470369348658135060":{"name":"logset","type":"text","position":1,"parentID":"Text Channels"},"487341170448531467":{"name":"test","type":"text","position":2,"parentID":"Text Channels"}},"roles":{"470372404716371988":{"name":"test","permissions":2146958591,"mentionable":true,"color":0,"id":"470372404716371988","hoist":false},"470524076985679874":{"name":"new role","permissions":104324161,"mentionable":false,"color":0,"id":"470524076985679874","hoist":false},"499884686479327232":{"name":"new role","permissions":104324171,"mentionable":false,"color":0,"id":"499884686479327232","hoist":false},"499884689142710274":{"name":"new role","permissions":104324171,"mentionable":false,"color":0,"id":"499884689142710274","hoist":false},"499884689939759105":{"name":"new role","permissions":104324171,"mentionable":false,"color":0,"id":"499884689939759105","hoist":false},"500429359450947595":{"name":"new role","permissions":104324171,"mentionable":false,"color":0,"id":"500429359450947595","hoist":false},"500429360554311691":{"name":"new role","permissions":104324171,"mentionable":false,"color":0,"id":"500429360554311691","hoist":false},"500429362571640843":{"name":"new role","permissions":104324171,"mentionable":false,"color":0,"id":"500429362571640843","hoist":false},"503160643617030146":{"name":"ProBot ✨","permissions":2080374975,"mentionable":false,"color":0,"id":"503160643617030146","hoist":false}},"general":{"name":"Developer dreem","iconURL":null,"region":"eu-west"}}