{"channels":{"491246806680993832":{"name":"° Public °","type":"category","position":1,"parentID":null},"491247119617884171":{"name":"°invites","type":"text","position":11,"parentID":"Invite Rewards"},"491341479541866511":{"name":"السجلات","type":"text","position":14,"parentID":"Admin's ●"},"515259341679362064":{"name":"log","type":"text","position":16,"parentID":"Admin's ●"},"515260306402836490":{"name":"ºchat","type":"text","position":5,"parentID":"° Public °"},"515260397478084618":{"name":"ºcommand","type":"text","position":6,"parentID":"° Public °"},"515270710910910499":{"name":"اللوق","type":"text","position":15,"parentID":"Admin's ●"},"515447799664345102":{"name":"ºpic","type":"text","position":7,"parentID":"° Public °"},"515448502063726613":{"name":"ºbo7","type":"text","position":9,"parentID":"° Public °"},"515448588692619264":{"name":"ºcut","type":"text","position":8,"parentID":"° Public °"},"515643028602355725":{"name":"Info","type":"category","position":0,"parentID":null},"515646023780007947":{"name":"°rules","type":"text","position":0,"parentID":"Info"},"515647437088620545":{"name":"°server_ranks","type":"text","position":4,"parentID":"Info"},"518422528172097568":{"name":"Admin's ●","type":"category","position":3,"parentID":null},"518424246591029251":{"name":"°chat","type":"text","position":12,"parentID":"Admin's ●"},"518425430504505376":{"name":"سبب_ميوت_كيك_بان_مع_صورة","type":"text","position":13,"parentID":"Admin's ●"},"518426862918041615":{"name":"°give_away","type":"text","position":3,"parentID":"Info"},"518428175873867786":{"name":"°invite_rewards","type":"text","position":10,"parentID":"Invite Rewards"},"518428245830533130":{"name":"°vote","type":"text","position":2,"parentID":"Info"},"518428286251171840":{"name":"news","type":"text","position":1,"parentID":"Info"},"518428675251634178":{"name":"Invite Rewards","type":"category","position":2,"parentID":null}},"roles":{"515101817525239830":{"name":"KICK ☆","permissions":37215299,"mentionable":false,"color":16777215,"id":"515101817525239830","hoist":false},"515295438681800714":{"name":"Quran Bot","permissions":49806401,"mentionable":false,"color":0,"id":"515295438681800714","hoist":false},"515236074381901833":{"name":"【DJ】Supreme ●","permissions":34987009,"mentionable":true,"color":8919578,"id":"515236074381901833","hoist":true},"515101975725998090":{"name":"BAN ☆","permissions":37084165,"mentionable":false,"color":16777215,"id":"515101975725998090","hoist":false},"515236075145265154":{"name":"【DJ】Ultimate ●","permissions":37084161,"mentionable":true,"color":6034660,"id":"515236075145265154","hoist":true},"515102023247462442":{"name":"Mute ☆","permissions":37084161,"mentionable":false,"color":16776187,"id":"515102023247462442","hoist":false},"515245520294510602":{"name":"【DJ】Y o u T u b e r  100k Sub ●","permissions":37084161,"mentionable":false,"color":14286848,"id":"515245520294510602","hoist":true},"515254626887401472":{"name":"【DJ】Legend ●","permissions":37084161,"mentionable":true,"color":14051342,"id":"515254626887401472","hoist":true},"515646911269830658":{"name":"new role","permissions":37215297,"mentionable":false,"color":0,"id":"515646911269830658","hoist":false},"515101252762206209":{"name":"Admin ☆","permissions":37215305,"mentionable":false,"color":16777215,"id":"515101252762206209","hoist":false},"515272118506618883":{"name":"Muted","permissions":262208,"mentionable":false,"color":8487814,"id":"515272118506618883","hoist":false},"515238326882664479":{"name":"≡ ≡ ≡ ≡ ≡ ≡ ≡ ஐ الخواص ஐ ≡ ≡ ≡ ≡ ≡ ≡ ≡","permissions":37084161,"mentionable":false,"color":14988288,"id":"515238326882664479","hoist":false},"515228692666908697":{"name":"【DJ】President ●","permissions":37215305,"mentionable":false,"color":10228748,"id":"515228692666908697","hoist":true},"515103990153740291":{"name":"NickName ☆","permissions":37084161,"mentionable":false,"color":16777215,"id":"515103990153740291","hoist":false},"515246340586864654":{"name":"【DJ】Y o u T u b e r  100 Sub ●","permissions":37084161,"mentionable":false,"color":14286848,"id":"515246340586864654","hoist":true},"515250946125725697":{"name":"Leģenďarý's","permissions":37084161,"mentionable":false,"color":0,"id":"515250946125725697","hoist":true},"515262679548428292":{"name":"【DJ】Emerald ●","permissions":37084161,"mentionable":false,"color":2263583,"id":"515262679548428292","hoist":true},"491328971867422721":{"name":"InviteManager","permissions":268435488,"mentionable":false,"color":0,"id":"491328971867422721","hoist":false},"515246607365701652":{"name":"【DJ】Y o u T u b e r  1k Sub ●","permissions":37084161,"mentionable":false,"color":14286848,"id":"515246607365701652","hoist":true},"515236448731922453":{"name":"【DJ】Titan ●","permissions":37084161,"mentionable":true,"color":1668020,"id":"515236448731922453","hoist":true},"515165807748186112":{"name":"Muted","permissions":37215297,"mentionable":false,"color":0,"id":"515165807748186112","hoist":false},"515103991609425940":{"name":"【DJ】Mod ●","permissions":37084161,"mentionable":false,"color":16711680,"id":"515103991609425940","hoist":true},"507912135595261967":{"name":"!","permissions":37215305,"mentionable":false,"color":0,"id":"507912135595261967","hoist":true},"515103825527439360":{"name":"≡ ≡ ≡ ≡ ≡ ≡ ≡ ஐ إدارة ஐ ≡ ≡ ≡ ≡ ≡ ≡ ≡","permissions":37084161,"mentionable":false,"color":14988288,"id":"515103825527439360","hoist":false},"515103991500374016":{"name":"ManChan ☆","permissions":37084177,"mentionable":false,"color":16777215,"id":"515103991500374016","hoist":false},"515233779699154989":{"name":"Add Reac ☆","permissions":37084225,"mentionable":false,"color":16777215,"id":"515233779699154989","hoist":false},"515235946988568587":{"name":"【DJ】Hero ●","permissions":37084193,"mentionable":true,"color":1376000,"id":"515235946988568587","hoist":true},"515235947848400950":{"name":"≡ ≡ ≡ ≡ ≡ ≡ ≡ ஐ إدارة عليا ஐ ≡ ≡ ≡ ≡ ≡ ≡ ≡","permissions":37084161,"mentionable":false,"color":14988288,"id":"515235947848400950","hoist":false},"515233165233618994":{"name":"【DJ】Friend ●","permissions":37084161,"mentionable":false,"color":15417636,"id":"515233165233618994","hoist":true},"515228693388460033":{"name":"【DJ】Console ●","permissions":37084161,"mentionable":false,"color":656640,"id":"515228693388460033","hoist":true},"515103958772219904":{"name":"Rank ☆","permissions":305519617,"mentionable":false,"color":16777215,"id":"515103958772219904","hoist":false},"515232950288121867":{"name":"【DJ】Admin ●","permissions":37084161,"mentionable":false,"color":14969370,"id":"515232950288121867","hoist":true},"515233778558304258":{"name":"【DJ】Owner ●","permissions":37084161,"mentionable":false,"color":58879,"id":"515233778558304258","hoist":true},"515234456290983936":{"name":"【DJ】Family ●","permissions":37084161,"mentionable":false,"color":2208081,"id":"515234456290983936","hoist":true},"515263170055503872":{"name":"MEE6","permissions":66583679,"mentionable":false,"color":0,"id":"515263170055503872","hoist":false},"515234456735580161":{"name":"Mention ☆","permissions":37215233,"mentionable":false,"color":16777215,"id":"515234456735580161","hoist":false},"515246458111262761":{"name":"【DJ】Bronze ●","permissions":37084169,"mentionable":false,"color":8608545,"id":"515246458111262761","hoist":true},"515103959053107202":{"name":"View Log ☆","permissions":37084289,"mentionable":false,"color":16777215,"id":"515103959053107202","hoist":false},"515104013503430676":{"name":"【DJ】Founder ●","permissions":37215305,"mentionable":false,"color":13044234,"id":"515104013503430676","hoist":true},"515246456878268419":{"name":"【DJ】Y o u T u b e r  500 Sub ●","permissions":37084161,"mentionable":false,"color":14293760,"id":"515246456878268419","hoist":true},"515246229383413767":{"name":"【DJ】Y o u T u b e r  10k Sub ●","permissions":37084161,"mentionable":false,"color":14286848,"id":"515246229383413767","hoist":true},"515262192992518147":{"name":"【DJ】Diamond ●","permissions":37084161,"mentionable":false,"color":4671943,"id":"515262192992518147","hoist":true},"515104014237433877":{"name":"【DJ】Support ●","permissions":104193025,"mentionable":true,"color":14988288,"id":"515104014237433877","hoist":true},"515261695845728256":{"name":"【DJ】Iron ●","permissions":37084161,"mentionable":false,"color":6323595,"id":"515261695845728256","hoist":true},"515245841506762754":{"name":"【DJ】Y o u T u b e r  50k Sub ●","permissions":37084161,"mentionable":false,"color":14286848,"id":"515245841506762754","hoist":true},"515237668972527626":{"name":"【DJ】Trail Staff ●","permissions":37084161,"mentionable":false,"color":5832959,"id":"515237668972527626","hoist":true},"515262475923488789":{"name":"【DJ】Obsidian ●","permissions":37084161,"mentionable":false,"color":526344,"id":"515262475923488789","hoist":true},"515646750607015965":{"name":"【DJ】Text Staff ●","permissions":37084161,"mentionable":false,"color":0,"id":"515646750607015965","hoist":true},"515262192665493526":{"name":"【DJ】Gold ●","permissions":37084161,"mentionable":false,"color":12489246,"id":"515262192665493526","hoist":true},"491328405976121344":{"name":"ProBot ✨","permissions":2080637183,"mentionable":false,"color":0,"id":"491328405976121344","hoist":false},"515238602335059984":{"name":"【DJ】Dev ●","permissions":37084225,"mentionable":false,"color":1447553,"id":"515238602335059984","hoist":true}},"general":{"name":"صيانة || Śôõñ","iconURL":null,"region":"russia"}}