{"channels":{"508078425727172617":{"name":"✴ - 「 TLB Meting」","type":"voice","position":0,"parentID":"⌠ TCB Meeting ⌡"},"508094309812273152":{"name":"Voice Online 0","type":"voice","position":1,"parentID":"【Voice Online】"},"508046106874216476":{"name":"broadcast","type":"text","position":2,"parentID":"⌠ Staff Rooms - الادارة ⌡"},"508048947605012493":{"name":"⌠ TCB Meeting ⌡","type":"category","position":3,"parentID":null},"508078544627171328":{"name":"invite-link","type":"text","position":4,"parentID":"Welcome"},"508049033789702149":{"name":"「 Important/ مهم」","type":"category","position":5,"parentID":null},"508078668552339485":{"name":"announcements","type":"text","position":6,"parentID":"「 Important/ مهم」"},"508049122796765214":{"name":"【Voice Online】","type":"category","position":7,"parentID":null},"508049192871133204":{"name":"「Events / فعاليات 」","type":"category","position":8,"parentID":null},"508079100196552737":{"name":"✴ ⌠ Private 3/3 ⌡ ✴","type":"voice","position":9,"parentID":"⌠ Room's Private ⌡"},"508079100620177409":{"name":"✴ ⌠ Private 3/3 ⌡ ✴","type":"voice","position":10,"parentID":"⌠ Room's Private ⌡"},"508049648754360320":{"name":"「 Games  / العاب  」","type":"category","position":11,"parentID":null},"508049685924282369":{"name":"「Contests/ مسابقات」","type":"category","position":12,"parentID":null},"508079615814664202":{"name":"Roblox","type":"voice","position":13,"parentID":"「 Games  / العاب  」"},"508079651831152673":{"name":"Rocket League","type":"voice","position":14,"parentID":"「 Games  / العاب  」"},"508079695829663744":{"name":"MineCraft","type":"voice","position":15,"parentID":"「 Games  / العاب  」"},"508079762040684564":{"name":"League Of Legends","type":"voice","position":16,"parentID":"「 Games  / العاب  」"},"508079808631144448":{"name":"Fortnite","type":"voice","position":17,"parentID":"「 Games  / العاب  」"},"508079846258245632":{"name":"Other Games ~","type":"voice","position":18,"parentID":"「 Games  / العاب  」"},"508079978139746314":{"name":"TLB","type":"voice","position":19,"parentID":"⌠ ♠ ⌡ VIP Rooms ⌠ ♠ ⌡"},"508080015473246208":{"name":"Join Hare.","type":"voice","position":20,"parentID":"「 Rooms  Temporary 」"},"508049830640353281":{"name":"⌨【AwayFromKeyBoard】⌨","type":"voice","position":21,"parentID":"Afk"}},"roles":{"508084309559607296":{"name":"• Events Manager","permissions":104324161,"mentionable":false,"color":0,"id":"508084309559607296","hoist":false},"508083259129987082":{"name":"مسؤول الشكاوي","permissions":104324161,"mentionable":false,"color":0,"id":"508083259129987082","hoist":false},"508082724838440961":{"name":".","permissions":104324161,"mentionable":false,"color":0,"id":"508082724838440961","hoist":false},"508083256181391364":{"name":"❖ YouTuber 50+","permissions":104324161,"mentionable":false,"color":0,"id":"508083256181391364","hoist":false},"508082793180299265":{"name":"• The One","permissions":104324161,"mentionable":false,"color":0,"id":"508082793180299265","hoist":false},"508084312026120222":{"name":"DJ","permissions":104324161,"mentionable":false,"color":0,"id":"508084312026120222","hoist":false},"508083260497068035":{"name":"مسؤول الكلانات","permissions":104324161,"mentionable":false,"color":0,"id":"508083260497068035","hoist":false},"508083252766965760":{"name":"❖ YouTuber 100k+","permissions":104324161,"mentionable":false,"color":0,"id":"508083252766965760","hoist":false},"508082794921066516":{"name":"• Manager","permissions":104324161,"mentionable":false,"color":0,"id":"508082794921066516","hoist":false},"508083249994661929":{"name":"• Special","permissions":104324161,"mentionable":false,"color":0,"id":"508083249994661929","hoist":false},"508083259599749120":{"name":"مسؤول عن ايميل السيرفر","permissions":104324161,"mentionable":false,"color":0,"id":"508083259599749120","hoist":false},"508084308012040192":{"name":"╔═════๑⌠add-ons⌡๑════════╗","permissions":104324161,"mentionable":false,"color":0,"id":"508084308012040192","hoist":false},"508083253576728616":{"name":"❖ YouTuber 15k+","permissions":104324161,"mentionable":false,"color":0,"id":"508083253576728616","hoist":false},"508083257800392715":{"name":"╚══════๑⌠ Activated⌡๑═════════╝","permissions":104324161,"mentionable":false,"color":0,"id":"508083257800392715","hoist":false},"508043268542693377":{"name":"Life Bot","permissions":3525704,"mentionable":false,"color":0,"id":"508043268542693377","hoist":true},"508084311635787787":{"name":"• Music Bots","permissions":104324161,"mentionable":false,"color":0,"id":"508084311635787787","hoist":false},"508083250070028310":{"name":"• Muted","permissions":104324161,"mentionable":false,"color":0,"id":"508083250070028310","hoist":false},"508082795512463361":{"name":"• Moderator","permissions":104324161,"mentionable":false,"color":0,"id":"508082795512463361","hoist":false},"508084310327427084":{"name":"• Shop Manager","permissions":104324161,"mentionable":false,"color":0,"id":"508084310327427084","hoist":false},"508082793587146762":{"name":"• Assistant President","permissions":104324161,"mentionable":false,"color":0,"id":"508082793587146762","hoist":false},"508083251412467742":{"name":"• VIP+","permissions":104324161,"mentionable":false,"color":0,"id":"508083251412467742","hoist":false},"508084312198086703":{"name":"Bots ...","permissions":104324161,"mentionable":false,"color":0,"id":"508084312198086703","hoist":false},"508083250401640504":{"name":"ProBot ✨","permissions":104324161,"mentionable":false,"color":0,"id":"508083250401640504","hoist":false},"508084307382763521":{"name":"MP","permissions":104324161,"mentionable":false,"color":0,"id":"508084307382763521","hoist":false},"508083248971251737":{"name":"◆ warn","permissions":104324161,"mentionable":false,"color":0,"id":"508083248971251737","hoist":false},"508082795122262028":{"name":"• HeadAdmin","permissions":104324161,"mentionable":false,"color":0,"id":"508082795122262028","hoist":false},"508083251554811904":{"name":"╚═๑⌠ VIP|كبار الشخصيات⌡๑═════════╝","permissions":104324161,"mentionable":false,"color":0,"id":"508083251554811904","hoist":false},"508083260577021962":{"name":"╚══════๑⌠ المسؤولين⌡๑═════════╝","permissions":104324161,"mentionable":false,"color":0,"id":"508083260577021962","hoist":false},"508083255484874806":{"name":"❖ YouTuber 500+","permissions":104324161,"mentionable":false,"color":0,"id":"508083255484874806","hoist":false},"508043456745177088":{"name":"Dev","permissions":104324169,"mentionable":true,"color":9936031,"id":"508043456745177088","hoist":true},"508084308246921216":{"name":"• JoinPower","permissions":104324161,"mentionable":false,"color":0,"id":"508084308246921216","hoist":false},"508084311820337153":{"name":"• Bots","permissions":104324161,"mentionable":false,"color":0,"id":"508084311820337153","hoist":false},"508082793327362062":{"name":"• President","permissions":104324161,"mentionable":false,"color":0,"id":"508082793327362062","hoist":false},"508083252876148747":{"name":"❖ YouTuber 80k+","permissions":104324161,"mentionable":false,"color":0,"id":"508083252876148747","hoist":false},"508082784791691264":{"name":"╔═════๑⌠Admins⌡๑════════╗","permissions":104324161,"mentionable":false,"color":0,"id":"508082784791691264","hoist":false},"508082794258366485":{"name":"• Co-Owner","permissions":104324161,"mentionable":false,"color":0,"id":"508082794258366485","hoist":false},"508084312042635264":{"name":"1 - 99","permissions":104324161,"mentionable":false,"color":0,"id":"508084312042635264","hoist":false},"508082793696198660":{"name":"• Owner","permissions":104324161,"mentionable":false,"color":0,"id":"508082793696198660","hoist":false},"508083251814858773":{"name":"╔═════๑⌠YouTubers⌡๑════════╗","permissions":104324161,"mentionable":false,"color":0,"id":"508083251814858773","hoist":false},"508082754408284161":{"name":"TLB System","permissions":104324161,"mentionable":false,"color":0,"id":"508082754408284161","hoist":false},"508082794518282260":{"name":"• Discord Developer","permissions":104324161,"mentionable":false,"color":0,"id":"508082794518282260","hoist":false},"508083259041775637":{"name":"مسؤول اليوتيوبر","permissions":104324161,"mentionable":false,"color":0,"id":"508083259041775637","hoist":false},"508083258102251520":{"name":"مسؤول الادارة","permissions":104324161,"mentionable":false,"color":0,"id":"508083258102251520","hoist":false},"508082801296277525":{"name":"• Supervisor","permissions":104324161,"mentionable":false,"color":0,"id":"508082801296277525","hoist":false},"508083259239038979":{"name":"مسؤول الغرف المثبتة","permissions":104324161,"mentionable":false,"color":0,"id":"508083259239038979","hoist":false},"508083249428561940":{"name":"╚══════๑⌠ Admins⌡๑═════════╝","permissions":104324161,"mentionable":false,"color":0,"id":"508083249428561940","hoist":false},"508083252603387943":{"name":"❖ YouTuber 1M+","permissions":104324161,"mentionable":false,"color":0,"id":"508083252603387943","hoist":false},"508083252519501824":{"name":"❖ YouTuber","permissions":104324161,"mentionable":false,"color":0,"id":"508083252519501824","hoist":false},"508083251437371417":{"name":"• VIP","permissions":104324161,"mentionable":false,"color":0,"id":"508083251437371417","hoist":false},"508084311002578945":{"name":"○ Cut-Tweet","permissions":104324161,"mentionable":false,"color":0,"id":"508084311002578945","hoist":false},"508083253006041091":{"name":"❖ YouTuber 50k+","permissions":104324161,"mentionable":false,"color":0,"id":"508083253006041091","hoist":false},"508083256978046996":{"name":"Member Of TLB Community","permissions":104324161,"mentionable":false,"color":0,"id":"508083256978046996","hoist":false},"508083253090058261":{"name":"❖ YouTuber 30k+","permissions":104324161,"mentionable":false,"color":0,"id":"508083253090058261","hoist":false},"508082801879547915":{"name":"• Helper","permissions":104324161,"mentionable":false,"color":0,"id":"508082801879547915","hoist":false},"508084307475038208":{"name":"╚══════๑⌠ Clans⌡๑═════════╝","permissions":104324161,"mentionable":false,"color":0,"id":"508084307475038208","hoist":false},"508084311556227094":{"name":"╔═════๑⌠-------------------------⌡๑════════╗","permissions":104324161,"mentionable":false,"color":0,"id":"508084311556227094","hoist":false},"508083253828124673":{"name":"❖ YouTuber 10k+","permissions":104324161,"mentionable":false,"color":0,"id":"508083253828124673","hoist":false},"508084309156954115":{"name":"╔═════๑⌠Managers⌡๑════════╗","permissions":104324161,"mentionable":false,"color":0,"id":"508084309156954115","hoist":false},"508082793692135426":{"name":"• Vice President","permissions":104324161,"mentionable":false,"color":0,"id":"508082793692135426","hoist":false},"508082802319949835":{"name":"◆ BC","permissions":104324161,"mentionable":false,"color":0,"id":"508082802319949835","hoist":false},"508084309681373197":{"name":"• Ranks Manager","permissions":104324161,"mentionable":false,"color":0,"id":"508084309681373197","hoist":false},"508084307152338946":{"name":"╔═════๑⌠Clans⌡๑════════╗","permissions":104324161,"mentionable":false,"color":0,"id":"508084307152338946","hoist":false},"508083259603812362":{"name":"مسؤول الباندات","permissions":104324161,"mentionable":false,"color":0,"id":"508083259603812362","hoist":false},"508084310503587841":{"name":"╚══════๑⌠ Managers⌡๑═════════╝","permissions":104324161,"mentionable":false,"color":0,"id":"508084310503587841","hoist":false},"508083258479869955":{"name":"مسؤول التواصل الاجتماعي","permissions":104324161,"mentionable":false,"color":0,"id":"508083258479869955","hoist":false},"508083254859923456":{"name":"❖ YouTuber 3k+","permissions":104324161,"mentionable":false,"color":0,"id":"508083254859923456","hoist":false},"508084310767829027":{"name":"○ Designer","permissions":104324161,"mentionable":false,"color":0,"id":"508084310767829027","hoist":false},"508342232202608660":{"name":"Turbo","permissions":2117463294,"mentionable":false,"color":0,"id":"508342232202608660","hoist":true},"508083255556308992":{"name":"❖ YouTuber 200+","permissions":104324161,"mentionable":false,"color":0,"id":"508083255556308992","hoist":false},"508084310344073229":{"name":"○ YouTube Subscriptions","permissions":104324161,"mentionable":false,"color":0,"id":"508084310344073229","hoist":false},"508083258081148944":{"name":"╔═════๑⌠المسؤولين⌡๑════════╗","permissions":104324161,"mentionable":false,"color":0,"id":"508083258081148944","hoist":false},"508082801921228800":{"name":"• Discord STAFF","permissions":104324161,"mentionable":false,"color":0,"id":"508082801921228800","hoist":false},"508082794765877258":{"name":"TLB Community","permissions":104324161,"mentionable":false,"color":0,"id":"508082794765877258","hoist":false},"508084315788279808":{"name":"new role","permissions":104324161,"mentionable":false,"color":0,"id":"508084315788279808","hoist":false},"508082795273519114":{"name":"• Admin","permissions":104324161,"mentionable":false,"color":0,"id":"508082795273519114","hoist":false},"508083260534816815":{"name":"مسؤول البطولات","permissions":104324161,"mentionable":false,"color":0,"id":"508083260534816815","hoist":false},"508082801317249026":{"name":"• Helper+","permissions":104324161,"mentionable":false,"color":0,"id":"508082801317249026","hoist":false},"508084308452573194":{"name":"• Friend","permissions":104324161,"mentionable":false,"color":0,"id":"508084308452573194","hoist":false},"508083256005230592":{"name":"❖ YouTuber 100+","permissions":104324161,"mentionable":false,"color":0,"id":"508083256005230592","hoist":false},"508083249592139786":{"name":"• Special+","permissions":104324161,"mentionable":false,"color":0,"id":"508083249592139786","hoist":false},"508082802642780180":{"name":"◆ Bans","permissions":104324161,"mentionable":false,"color":0,"id":"508082802642780180","hoist":false},"508083256541839367":{"name":"╚══════๑⌠ YouTubers⌡๑═════════╝","permissions":104324161,"mentionable":false,"color":0,"id":"508083256541839367","hoist":false},"508083254692151319":{"name":"❖ YouTuber 5k+","permissions":104324161,"mentionable":false,"color":0,"id":"508083254692151319","hoist":false},"508083256932171786":{"name":"╔═════๑⌠Activated⌡๑════════╗","permissions":104324161,"mentionable":false,"color":0,"id":"508083256932171786","hoist":false},"508083250841911296":{"name":"╔═๑⌠VIP|كبار الشخصيات⌡๑════════╗","permissions":104324161,"mentionable":false,"color":0,"id":"508083250841911296","hoist":false},"508083255812292618":{"name":"❖ YouTuber 150+","permissions":104324161,"mentionable":false,"color":0,"id":"508083255812292618","hoist":false},"508084308750237715":{"name":"╚══════๑⌠ add-ons⌡๑═════════╝","permissions":104324161,"mentionable":false,"color":0,"id":"508084308750237715","hoist":false},"508083255031889940":{"name":"❖ YouTuber 1K+","permissions":104324161,"mentionable":false,"color":0,"id":"508083255031889940","hoist":false}},"general":{"name":"Testing Life Bot","iconURL":null,"region":"eu-west"}}