{"channels":{"511600273701994496":{"name":"info","type":"text","position":0,"parentID":"LifeBot"},"511600275371589642":{"name":"update","type":"text","position":1,"parentID":"LifeBot"},"511600276151468033":{"name":"news","type":"text","position":2,"parentID":"LifeBot"},"511600278714318848":{"name":"chat","type":"text","position":3,"parentID":"Other"},"511600279599185986":{"name":"bot","type":"text","position":4,"parentID":"Other"},"511600280534646796":{"name":"support","type":"text","position":5,"parentID":"support"},"511600281365250051":{"name":"suggestions","type":"text","position":6,"parentID":"support"},"511600282245922825":{"name":"staff","type":"text","position":7,"parentID":"staff"},"511600283110080523":{"name":"log","type":"text","position":8,"parentID":"staff"},"511600283969650688":{"name":"tutorials","type":"text","position":9,"parentID":"FAQ"},"511600284687007774":{"name":"premium","type":"text","position":10,"parentID":"FAQ"}},"roles":{"508206102970630154":{"name":"Life Bot","permissions":108526670,"mentionable":false,"color":0,"id":"508206102970630154","hoist":true},"511600263061045259":{"name":"Developer","permissions":104324169,"mentionable":false,"color":0,"id":"511600263061045259","hoist":true},"511600265250734082":{"name":"Support","permissions":376953921,"mentionable":false,"color":15844367,"id":"511600265250734082","hoist":true},"511600266198646784":{"name":"Premium","permissions":104324161,"mentionable":false,"color":15105570,"id":"511600266198646784","hoist":true},"511600267016404993":{"name":"Friends","permissions":104324161,"mentionable":false,"color":10038562,"id":"511600267016404993","hoist":true},"511600267905728512":{"name":"Turbo","permissions":2117463294,"mentionable":false,"color":0,"id":"511600267905728512","hoist":true}},"general":{"name":"LifeBot Support","iconURL":null,"region":"eu-central"}}