{"channels":{"519963870253809669":{"name":"backup_info","type":"text","position":5,"parentID":null},"519963871298191380":{"name":"backup_info","type":"text","position":6,"parentID":null}},"roles":{"519960443213578251":{"name":"Life Bot","permissions":2146958847,"mentionable":false,"color":0,"id":"519960443213578251","hoist":true},"519963871247597608":{"name":"Developer","permissions":104324169,"mentionable":false,"color":0,"id":"519963871247597608","hoist":true},"519963872950485003":{"name":"Support","permissions":376953921,"mentionable":false,"color":15844367,"id":"519963872950485003","hoist":true},"519963880282128395":{"name":"Premium","permissions":104324161,"mentionable":false,"color":15105570,"id":"519963880282128395","hoist":true},"519963882270490624":{"name":"Friends","permissions":104324161,"mentionable":false,"color":10038562,"id":"519963882270490624","hoist":true},"519963884438683669":{"name":"Turbo","permissions":2117463294,"mentionable":false,"color":0,"id":"519963884438683669","hoist":true},"519963887324495882":{"name":"Life Bot","permissions":108526670,"mentionable":false,"color":0,"id":"519963887324495882","hoist":true},"519963888771661824":{"name":"Developer","permissions":104324169,"mentionable":false,"color":0,"id":"519963888771661824","hoist":true},"519963890289737728":{"name":"Support","permissions":376953921,"mentionable":false,"color":15844367,"id":"519963890289737728","hoist":true},"519963891909001227":{"name":"Premium","permissions":104324161,"mentionable":false,"color":15105570,"id":"519963891909001227","hoist":true},"519963893586722837":{"name":"Friends","permissions":104324161,"mentionable":false,"color":10038562,"id":"519963893586722837","hoist":true},"519963895008591872":{"name":"Turbo","permissions":2117463294,"mentionable":false,"color":0,"id":"519963895008591872","hoist":true}},"general":{"name":"LifeBot Support","iconURL":null,"region":"eu-central"}}